,Accuracy,Precision,Recall,F1-score,AUC
Logistic Regression,0.8780487804878049,0.8636363636363636,0.9047619047619048,0.8837209302325582,0.9421904761904762
Decision Tree,0.9853658536585366,1.0,0.9714285714285714,0.9855072463768116,0.9857142857142858
Random Forest,1.0,1.0,1.0,1.0,1.0
SVM,0.9121951219512195,0.9065420560747663,0.9238095238095239,0.9150943396226415,0.9722857142857142
